ID,titles
1,AI-Powered Attendance System with Facial Recognition
2,IoT-Enabled Smart Home Automation and Security System
3,Advanced Cybersecurity Solutions for Modern Threat Detection
4,Autonomous Vehicle Navigation Using Deep Learning Algorithms
5,Wireless Sensor Networks for Precision Agriculture Monitoring
6,Machine Learning Algorithms for Predictive Maintenance in Industries
7,Blockchain Technology for Securing Supply Chain Management
8,Renewable Energy Harvesting Systems for Sustainable Power
9,Augmented Reality Applications in Education and Training
10,Intelligent Traffic Management System Using IoT and AI
11,Edge Computing Solutions for IoT Device Management
12,Deep Learning Techniques for Image Recognition and Analysis
13,Automated Quality Control System for Manufacturing Processes
14,Smart Grid Technologies for Efficient Energy Distribution
15,Voice-Activated Virtual Assistant for Home Automation
16,Industrial IoT Solutions for Smart Factories
17,Real-Time Air Quality Monitoring Using Sensor Networks
18,Biometric Security Systems for Enhanced Authentication
19,Energy-Efficient HVAC Systems with IoT Integration
20,Drones for Environmental Monitoring and Data Collection
21,Self-Healing Materials for Sustainable Construction
22,Remote Health Monitoring Using Wearable Devices
23,Smart Water Management Systems Using IoT Sensors
24,Nanotechnology in Drug Delivery for Targeted Therapy
25,AI Algorithms for Financial Market Prediction
26,Gesture Control Interfaces for Smart Devices
27,3D Printing Technologies for Rapid Prototyping
28,Wireless Power Transfer Systems for Electric Vehicles
29,IoT Applications in Healthcare for Patient Monitoring
30,Smart Wearable Devices for Health and Fitness Tracking
31,Cryptocurrency and Blockchain Solutions for Secure Transactions
32,Predictive Analytics in Sports Performance Enhancement
33,Human-Computer Interaction for Enhanced User Experience
34,Solar-Powered Vehicles for Sustainable Transportation
35,Automated Crop Monitoring and Management Using Drones
36,Smart Parking Solutions Using IoT and AI
37,Telemedicine Solutions for Remote Patient Care
38,AI Algorithms for Autonomous Drone Navigation
39,Vehicle-to-Everything (V2X) Communication Systems
40,Smart City Infrastructure Using IoT and AI
41,Digital Twins Technology for Manufacturing Optimization
42,IoT-Based Disaster Management and Response System
43,AI Solutions for Speech Recognition and Translation
44,Robotics for Precision Agriculture and Farming
45,Wireless Charging Systems for Consumer Electronics
46,Smart Lighting Solutions for Energy Efficiency
47,Blockchain Technology in Voting Systems for Transparency
48,AI-Driven Customer Support Chatbots and Systems
49,AI-Powered Attendance System with Facial Recognition
50,Biometric Authentication Systems for Secure Access
51,Smart Waste Management Systems for Urban Areas
52,Cyber-Physical Systems for Industrial Automation
53,AI Algorithms for Medical Diagnosis and Analysis
54,Real-Time Language Translation Using AI
55,Intelligent Transportation Systems Using IoT
56,Robotics Applications in Healthcare and Medicine
57,AI Algorithms for Fraud Detection in Banking
58,Smart Energy Meters for Efficient Energy Use
59,Autonomous Underwater Vehicles for Ocean Exploration
60,IoT-Enabled Smart Home Automation and Security System
61,AI-Based Inventory Management for Warehouses
62,Industrial Automation Using Robotics and AI
63,IoT-Based Smart Agriculture Solutions
64,AI Algorithms for Sentiment Analysis in Social Media
65,Augmented Reality for Training and Simulation
66,Digital Forensics Solutions for Cybersecurity
67,Advanced Cybersecurity Solutions for Modern Threat Detection
68,Smart Irrigation Systems Using IoT Sensors
69,Robotics for Hazardous Environment Exploration
70,Autonomous Delivery Systems Using Drones
71,Autonomous Vehicle Navigation Using Deep Learning Algorithms
72,IoT Solutions for Smart City Management
73,Gesture Recognition Systems for Smart Devices
74,AI Applications for Renewable Energy Optimization
75,Smart Home Security Systems Using IoT
76,Blockchain Technology in Healthcare Data Management
77,AI-Based Predictive Analytics for Business
78,Wireless Sensor Networks for Precision Agriculture Monitoring
79,Smart Classroom Solutions Using Technology
80,Robotic Process Automation for Business Operations
81,AI Applications in Video Surveillance Systems
82,3D Printing Technologies in Healthcare Solutions
83,AI-Based Recommendation Systems for E-Commerce
84,IoT-Enabled Industrial Automation Systems
85,Machine Learning Algorithms for Predictive Maintenance in Industries
86,Blockchain Solutions for Data Security and Privacy
87,AI-Driven E-commerce Solutions for Customer Engagement
88,Smart Home Devices for Enhanced Living
89,Cybersecurity Solutions for IoT Devices
90,Blockchain Technology for Securing Supply Chain Management
91,IoT Solutions for Disaster Response and Management
92,Machine Learning Algorithms for Healthcare Applications
93,Renewable Energy Harvesting Systems for Sustainable Power
94,Blockchain Technology for Financial Transactions Security
95,AI Solutions for Customer Experience Enhancement
96,Augmented Reality Applications in Education and Training
97,Smart Health Monitoring Systems for Elderly Care
98,Robotics for Elder Care and Assistance
99,AI-Based Traffic Management Systems Using IoT
100,IoT-Enabled Supply Chain Management Systems